,precision,recall,f1-score,support
AGN,1.0,0.657,0.7929993964996982,1000.0
Fast,0.7982695810564663,0.9236037934668072,0.8563751831949193,3796.0
Long,0.802716049382716,0.6502,0.7184530386740331,5000.0
Periodic,0.9988814317673378,0.893,0.9429778247096093,4000.0
SN,0.7049501715405979,0.863,0.7760093516770075,5000.0
accuracy,0.8140561821664184,0.8140561821664184,0.8140561821664184,0.8140561821664184
macro avg,0.8609634467494235,0.7973607586933615,0.8173629589510535,18796.0
weighted avg,0.828053211394779,0.8140561821664184,0.8133657609332439,18796.0
