,precision,recall,f1-score,support
AGN,1.0,0.823,0.9029072956664839,1000.0
Fast,0.8555288461538462,0.9375658587987356,0.8946706887883359,3796.0
Long,0.8669126691266913,0.7048,0.777495863210149,5000.0
Periodic,0.9986845566956064,0.949,0.973208563004743,4000.0
SN,0.7553388262989743,0.8984,0.8206814652416187,5000.0
accuracy,0.861566290700149,0.861566290700149,0.861566290700149,0.861566290700149
macro avg,0.8952929796550236,0.862553171759747,0.8737927751822662,18796.0
weighted avg,0.870056565434707,0.861566290700149,0.8609703194607797,18796.0
