,precision,recall,f1-score,support
AGN,0.9968085106382979,0.937,0.965979381443299,1000.0
Fast,0.9311258278145695,0.9259747102212855,0.9285431250825519,3796.0
Long,0.9087147030185004,0.7466,0.8197189284145806,5000.0
Periodic,0.9956577266922094,0.9745,0.9849652558433354,4000.0
SN,0.7679102013865963,0.9304,0.8413818050280341,5000.0
accuracy,0.8903490104277506,0.8903490104277506,0.8903490104277506,0.8903490104277506
macro avg,0.9200433939100348,0.902894942044257,0.9081176991623602,18796.0
weighted avg,0.8989741211862484,0.8903490104277506,0.8904072023219345,18796.0
