,precision,recall,f1-score,support
AGN,0.9968619246861925,0.953,0.9744376278118609,1000.0
Fast,0.9173574478774177,0.9620653319283456,0.9391796322489392,3796.0
Long,0.9096203121360354,0.781,0.8404175185623588,5000.0
Periodic,0.9979586629242153,0.97775,0.9877509786589216,4000.0
SN,0.8082167522578361,0.9128,0.8573307034845496,5000.0
accuracy,0.9036497127048309,0.9036497127048309,0.9036497127048309,0.9036497127048309
macro avg,0.9260030199763394,0.9173230663856691,0.9198232921533259,18796.0
weighted avg,0.9076490088580065,0.9036497127048309,0.9033469108692841,18796.0
