,precision,recall,f1-score,support
AGN,0.9938900203665988,0.976,0.9848637739656912,1000.0
Fast,0.94672674264511,0.9409905163329821,0.943849914123398,3796.0
Long,0.9233136094674557,0.7802,0.8457452574525746,5000.0
Periodic,0.9969543147208122,0.982,0.9894206549118388,4000.0
SN,0.7944179714091218,0.9336,0.858403824935638,5000.0
accuracy,0.90684188125133,0.90684188125133,0.90684188125133,0.90684188125133
macro avg,0.9310605317218197,0.9225581032665964,0.9244566850778281,18796.0
weighted avg,0.9131804585397729,0.90684188125133,0.9069028559037311,18796.0
