,precision,recall,f1-score,support
AGN,0.9969543147208122,0.982,0.9894206549118388,1000.0
Fast,0.9393476044852191,0.9710221285563752,0.9549222797927461,3796.0
Long,0.9236675700090334,0.818,0.8676283411115825,5000.0
Periodic,0.9977186311787072,0.984,0.9908118313404657,4000.0
SN,0.8376858904606457,0.9238,0.8786380064675671,5000.0
accuracy,0.9211002340923601,0.9211002340923601,0.9211002340923601,0.9211002340923601
macro avg,0.9390748021708835,0.9357644257112749,0.93628422272484,18796.0
weighted avg,0.9236199004261507,0.9211002340923601,0.9208812881603912,18796.0
