,precision,recall,f1-score,support
AGN,0.9969788519637462,0.99,0.9934771700953337,1000.0
Fast,0.9523443504996156,0.9791886195995785,0.9655799454474607,3796.0
Long,0.9312486138833445,0.8398,0.8831633189609843,5000.0
Periodic,0.9982318767365497,0.988,0.9930895841186078,4000.0
SN,0.8530927835051546,0.9268,0.888420245398773,5000.0
accuracy,0.9306235369227496,0.9306235369227496,0.9306235369227496,0.9306235369227496
macro avg,0.9463792953176821,0.9447577239199157,0.9447460528042321,18796.0
weighted avg,0.9324703394524889,0.9306235369227496,0.930468972190206,18796.0
