,precision,recall,f1-score,support
AGN,0.992,0.992,0.992,1000.0
Fast,0.9737406216505895,0.9573234984193888,0.9654622741764081,3796.0
Long,0.9400859145376441,0.8316,0.8825214899713467,5000.0
Periodic,0.9952309236947792,0.99125,0.9932364729458918,4000.0
SN,0.8356019091391197,0.9454,0.8871164492821619,5000.0
accuracy,0.9297722919770164,0.9297722919770164,0.9297722919770164,0.9297722919770164
macro avg,0.9473318738044265,0.9435146996838778,0.9440673372751618,18796.0
weighted avg,0.9335859870689813,0.9297722919770164,0.929880313940453,18796.0
