,precision,recall,f1-score,support
AGN,0.9979959919839679,0.996,0.996996996996997,1000.0
Fast,0.9647759647759647,0.9812961011591148,0.9729659135431631,3796.0
Long,0.9355473017260214,0.8564,0.8942257491907696,5000.0
Periodic,0.9977347092876919,0.991,0.9943559513357582,4000.0
SN,0.8663449043994802,0.9334,0.8986232790988736,5000.0
accuracy,0.9381783358161311,0.9381783358161311,0.9381783358161311,0.9381783358161311
macro avg,0.9524797744346254,0.951619220231823,0.9514335780331123,18796.0
weighted avg,0.9395980752315284,0.9381783358161311,0.9380743004680833,18796.0
