,precision,recall,f1-score,support
AGN,0.9940298507462687,0.999,0.9965087281795512,1000.0
Fast,0.9837029121025915,0.969968387776607,0.9767873723305478,3796.0
Long,0.9460708782742681,0.8596,0.9007649586084041,5000.0
Periodic,0.9945041219085686,0.99525,0.994876921154567,4000.0
SN,0.8625954198473282,0.9492,0.9038278423157494,5000.0
accuracy,0.9420089380719302,0.9420089380719302,0.9420089380719302,0.9420089380719302
macro avg,0.956180636575805,0.9546036775553214,0.954553164517764,18796.0
weighted avg,0.9443240095408578,0.9420089380719302,0.9420549735467836,18796.0
