,precision,recall,f1-score,support
AGN,0.998001998001998,0.999,0.9985007496251874,1000.0
Fast,0.9726348709929633,0.9831401475237092,0.9778592951657278,3796.0
Long,0.935795576551428,0.8716,0.902557730143937,5000.0
Periodic,0.9972382626161185,0.993,0.9951146185644495,4000.0
SN,0.8790898834148176,0.935,0.906183368869936,5000.0
accuracy,0.9436050223451798,0.9436050223451798,0.9436050223451798,0.9436050223451798
macro avg,0.956552118315465,0.9563480295047417,0.9560431524738476,18796.0
weighted avg,0.9445363012655346,0.9436050223451798,0.9435315281656445,18796.0
