,precision,recall,f1-score,support
AGN,0.9900990099009901,1.0,0.9950248756218906,1000.0
Fast,0.9887459807073955,0.9720758693361433,0.9803400637619554,3796.0
Long,0.9490349165040122,0.8752,0.9106232441993549,5000.0
Periodic,0.9942671984047856,0.99725,0.9957563654518222,4000.0
SN,0.8755293684404345,0.951,0.9117054932413,5000.0
accuracy,0.9475420302191956,0.9475420302191956,0.9475420302191956,0.9475420302191956
macro avg,0.9595352947915237,0.9591051738672286,0.9586900084552645,18796.0
weighted avg,0.9493120329329452,0.9475420302191956,0.9475986862456287,18796.0
