,precision,recall,f1-score,support
AGN,0.9950199203187251,0.999,0.9970059880239521,1000.0
Fast,0.9795811518324608,0.9857744994731296,0.9826680672268907,3796.0
Long,0.9394837071519255,0.888,0.9130166563849476,5000.0
Periodic,0.9979954898521674,0.99575,0.9968714804154674,4000.0
SN,0.8928639391056137,0.9384,0.9150658215504632,5000.0
accuracy,0.9499893594381783,0.9499893594381783,0.9499893594381783,0.9499893594381783
macro avg,0.9609888416521783,0.9613848998946259,0.9609256027203441,18796.0
weighted avg,0.9505868356762668,0.9499893594381783,0.9499421303764712,18796.0
