,precision,recall,f1-score,support
AGN,0.9940357852882704,1.0,0.9970089730807578,1000.0
Fast,0.9891877637130801,0.988145416227608,0.9886663152345809,3796.0
Long,0.940149625935162,0.9048,0.9221361598043213,5000.0
Periodic,0.9989997499374844,0.99875,0.9988748593574197,4000.0
SN,0.9059186427607481,0.9398,0.9225483459310886,5000.0
accuracy,0.9560012768674186,0.9560012768674186,0.9560012768674186,0.9560012768674186
macro avg,0.9656583135269491,0.9662990832455216,0.9658469306816336,18796.0
weighted avg,0.9563382038504262,0.9560012768674186,0.9559963966704594,18796.0
