,precision,recall,f1-score,support
AGN,0.9871668311944719,1.0,0.9935419771485345,1000.0
Fast,0.9941097724230255,0.9781348788198103,0.9860576284689948,3796.0
Long,0.946470462785242,0.8876,0.9160904118072041,5000.0
Periodic,0.9965113381510092,0.99975,0.9981280419318608,4000.0
SN,0.8868312757201646,0.9482,0.9164894645273536,5000.0
accuracy,0.9518514577569696,0.9518514577569696,0.9518514577569696,0.9518514577569696
macro avg,0.9622179360547827,0.9627369757639622,0.9620615047767895,18796.0
weighted avg,0.9530411562270349,0.9518514577569696,0.9519061653658795,18796.0
