,precision,recall,f1-score,support
Transient,0.9612538397095783,0.9980429109886924,0.979302987197724,13796.0
Variable,0.9939624329159212,0.889,0.9385557432432432,5000.0
accuracy,0.9690359650989572,0.9690359650989572,0.9690359650989572,0.9690359650989572
macro avg,0.9776081363127498,0.9435214554943462,0.9589293652204836,18796.0
weighted avg,0.9699547849123722,0.9690359650989572,0.968463647988722,18796.0
