,precision,recall,f1-score,support
Transient,0.9464077403417278,0.9997100608872137,0.972328950615108,13796.0
Variable,0.9990528060620412,0.8438,0.9148866963027215,5000.0
accuracy,0.9582357948499681,0.9582357948499681,0.9582357948499681,0.9582357948499681
macro avg,0.9727302732018845,0.9217550304436068,0.9436078234589147,18796.0
weighted avg,0.960412067251792,0.9582357948499681,0.9570485041604404,18796.0
