,precision,recall,f1-score,support
Transient,0.9806391914015232,0.998622789214265,0.9895492907164661,13796.0
Variable,0.9959974720876343,0.9456,0.9701446598953524,5000.0
accuracy,0.9845179825494786,0.9845179825494786,0.9845179825494786,0.9845179825494786
macro avg,0.9883183317445787,0.9721113946071325,0.9798469753059093,18796.0
weighted avg,0.9847247097793992,0.9845179825494786,0.9843873863695003,18796.0
