,precision,recall,f1-score,support
Transient,0.9727728010157297,0.9996375761090172,0.9860222357273085,13796.0
Variable,0.9989175146135527,0.9228,0.9593512839172471,5000.0
accuracy,0.9791977016386465,0.9791977016386465,0.9791977016386465,0.9791977016386465
macro avg,0.9858451578146412,0.9612187880545086,0.9726867598222778,18796.0
weighted avg,0.9797276620494132,0.9791977016386465,0.9789273879378689,18796.0
