,precision,recall,f1-score,support
Transient,0.9880235226620768,0.998622789214265,0.993294881038212,13796.0
Variable,0.9960840890354493,0.9666,0.9811205846528623,5000.0
accuracy,0.9901042775058523,0.9901042775058523,0.9901042775058523,0.9901042775058523
macro avg,0.9920538058487631,0.9826113946071324,0.9872077328455371,18796.0
weighted avg,0.9901677465324142,0.9901042775058523,0.9900563472051226,18796.0
