,precision,recall,f1-score,support
Transient,0.9834557512657777,0.9996375761090172,0.9914806427261943,13796.0
Variable,0.9989524408129059,0.9536,0.9757495139670521,5000.0
accuracy,0.987390934241328,0.987390934241328,0.987390934241328,0.987390934241328
macro avg,0.9912040960393418,0.9766187880545085,0.9836150783466232,18796.0
weighted avg,0.9875780883447116,0.987390934241328,0.987295941524039,18796.0
