,precision,recall,f1-score,support
Transient,0.993080582384316,0.9986952739924616,0.9958800144560896,13796.0
Variable,0.9963429500203169,0.9808,0.9885103809715783,5000.0
accuracy,0.9939348797616514,0.9939348797616514,0.9939348797616514,0.9939348797616514
macro avg,0.9947117662023164,0.9897476369962308,0.9921951977138339,18796.0
weighted avg,0.9939484179972126,0.9939348797616514,0.9939195884387158,18796.0
