,precision,recall,f1-score,support
Transient,0.990159459847723,0.9992026674398377,0.9946605094162638,13796.0
Variable,0.99774312679524,0.9726,0.9850111403686449,5000.0
accuracy,0.9921259842519685,0.9921259842519685,0.9921259842519685,0.9921259842519685
macro avg,0.9939512933214816,0.9859013337199188,0.9898358248924544,18796.0
weighted avg,0.9921768217724721,0.9921259842519685,0.9920936417189827,18796.0
