,precision,recall,f1-score,support
Transient,0.9940862541468339,0.9991301826616411,0.9966018364543417,13796.0
Variable,0.9975659229208925,0.9836,0.9905337361530715,5000.0
accuracy,0.9949989359438178,0.9949989359438178,0.9949989359438178,0.9949989359438178
macro avg,0.9958260885338632,0.9913650913308205,0.9935677863037067,18796.0
weighted avg,0.9950118949145661,0.9949989359438178,0.9949876365444486,18796.0
