,precision,recall,f1-score,support
Transient,0.9953753883951153,0.9984778196578719,0.996924190338339,13796.0
Variable,0.9957635666733912,0.9872,0.9914632921562719,5000.0
accuracy,0.9954777612257927,0.9954777612257927,0.9954777612257927,0.9954777612257927
macro avg,0.9955694775342532,0.9928389098289359,0.9941937412473054,18796.0
weighted avg,0.9954786492693107,0.9954777612257927,0.9954715147206366,18796.0
