,precision,recall,f1-score,support
Transient,0.9957385337667027,0.9992751522180342,0.9975037082594697,13796.0
Variable,0.9979802060189861,0.9882,0.9930660235152245,5000.0
accuracy,0.9963290061715259,0.9963290061715259,0.9963290061715259,0.9963290061715259
macro avg,0.9968593698928444,0.993737576109017,0.9952848658873471,18796.0
weighted avg,0.996334850071311,0.9963290061715259,0.9963232217878146,18796.0
