,precision,recall,f1-score,support
Transient,0.99688721586796,0.9981878805450856,0.9975371242303513,13796.0
Variable,0.9949819349658772,0.9914,0.9931877379282709,5000.0
accuracy,0.9963822089806342,0.9963822089806342,0.9963822089806342,0.9963822089806342
macro avg,0.9959345754169187,0.9947939402725428,0.9953624310793111,18796.0
weighted avg,0.9963803843873038,0.9963822089806342,0.9963801263845117,18796.0
