,precision,recall,f1-score,support
Transient,0.9982349635999413,0.9925971360207936,0.9954080669423451,164666.0
Variable,0.980241190391286,0.9952438944111645,0.9876855738293946,60764.0
accuracy,0.993310562036996,0.993310562036996,0.993310562036996,0.993310562036996
macro avg,0.9892380769956137,0.993920515215979,0.9915468203858698,225430.0
weighted avg,0.9933847944332345,0.993310562036996,0.993326491413288,225430.0
