,precision,recall,f1-score,support
Transient,0.9978983984346692,0.9981153957668889,0.9980068853053089,13796.0
Variable,0.9947968781268761,0.9942,0.9944983495048515,5000.0
accuracy,0.9970738454990423,0.9970738454990423,0.9970738454990423,0.9970738454990423
macro avg,0.9963476382807727,0.9961576978834444,0.9962526174050802,18796.0
weighted avg,0.9970733504702637,0.9970738454990423,0.9970735655031017,18796.0
