,precision,recall,f1-score,support
Transient,0.9979003764842166,0.9990576978834445,0.9984787018255578,13796.0
Variable,0.9973916532905297,0.9942,0.9957932692307693,5000.0
accuracy,0.9977654820174505,0.9977654820174505,0.9977654820174505,0.9977654820174505
macro avg,0.9976460148873731,0.9966288489417222,0.9971359855281635,18796.0
weighted avg,0.9977650489694031,0.9977654820174505,0.9977643390369888,18796.0
