,precision,recall,f1-score,support
Transient,0.9985497788412733,0.9981878805450856,0.9983687968970892,13796.0
Variable,0.995004995004995,0.996,0.9955022488755623,5000.0
accuracy,0.9976058735901255,0.9976058735901255,0.9976058735901255,0.9976058735901255
macro avg,0.9967773869231341,0.9970939402725427,0.9969355228863257,18796.0
weighted avg,0.9976068165524146,0.9976058735901255,0.9976062548611436,18796.0
