,precision,recall,f1-score,support
Transient,0.9986957466850228,0.9990576978834445,0.998876689495235,13796.0
Variable,0.9973973973973974,0.9964,0.9968984492246123,5000.0
accuracy,0.9983507129176421,0.9983507129176421,0.9983507129176421,0.9983507129176421
macro avg,0.9980465720412102,0.9977288489417222,0.9978875693599236,18796.0
weighted avg,0.9983503675384954,0.9983507129176421,0.9983504497977934,18796.0
