,precision,recall,f1-score,support
Transient,0.9992013939305938,0.9976080023195129,0.9984040623866521,13796.0
Variable,0.9934289127837514,0.9978,0.9956096587507484,5000.0
accuracy,0.9976590763992339,0.9976590763992339,0.9976590763992339,0.9976590763992339
macro avg,0.9963151533571726,0.9977040011597564,0.9970068605687002,18796.0
weighted avg,0.9976658328679097,0.9976590763992339,0.9976607117705891,18796.0
