,precision,recall,f1-score,support
Transient,0.9996374447103183,0.9992751522180342,0.9994562656323631,13796.0
Variable,0.998001998001998,0.999,0.9985007496251874,5000.0
accuracy,0.9992019578633752,0.9992019578633752,0.9992019578633752,0.9992019578633752
macro avg,0.9988197213561582,0.9991375761090171,0.9989785076287753,18796.0
weighted avg,0.9992023929151702,0.9992019578633752,0.9992020849537144,18796.0
