,precision,recall,f1-score,support
Transient,0.9999273783587509,0.9980429109886924,0.9989842559674962,13796.0
Variable,0.9946279347393554,0.9998,0.9972072611210852,5000.0
accuracy,0.998510321344967,0.998510321344967,0.998510321344967,0.998510321344967
macro avg,0.9972776565490531,0.9989214554943462,0.9980957585442907,18796.0
weighted avg,0.9985176519224359,0.998510321344967,0.9985115503794957,18796.0
