,precision,recall,f1-score,support
Transient,0.9997199288862911,0.9971578832302965,0.9984372624730169,164666.0
Variable,0.9923511914490243,0.9992429728128497,0.9957851578515785,60764.0
accuracy,0.9977199130550504,0.9977199130550504,0.9977199130550504,0.9977199130550504
macro avg,0.9960355601676577,0.998200428021573,0.9971112101622976,225430.0
weighted avg,0.9977337071694029,0.9977199130550504,0.9977223953957998,225430.0
