,precision,recall,f1-score,support
AGN,0.992964824120603,0.988,0.9904761904761905,1000.0
CART,0.6605839416058394,0.362,0.46770025839793283,1000.0
Cepheid,0.9881188118811881,0.998,0.9930348258706467,1000.0
Delta Scuti,0.9870259481037924,0.989,0.988011988011988,1000.0
Dwarf Novae,0.8696883852691218,0.921,0.8946090335114133,1000.0
EB,0.9494438827098078,0.939,0.9441930618401206,1000.0
ILOT,0.9271604938271605,0.751,0.8298342541436464,1000.0
KN,0.8561710398445093,0.881,0.8684080827994086,1000.0
M-dwarf Flare,0.79463243873979,0.8555276381909548,0.8239564428312159,796.0
PISN,0.859925788497217,0.927,0.8922040423484119,1000.0
RR Lyrae,0.9879396984924623,0.983,0.9854636591478697,1000.0
SLSN,0.8098098098098098,0.809,0.8094047023511756,1000.0
SNI91bg,0.7174295774647887,0.815,0.7631086142322098,1000.0
SNII,0.5010121457489879,0.495,0.49798792756539234,1000.0
SNIa,0.5502645502645502,0.728,0.6267757210503659,1000.0
SNIax,0.48703170028818443,0.507,0.4968152866242038,1000.0
SNIb/c,0.5070993914807302,0.5,0.5035246727089627,1000.0
TDE,0.7605633802816901,0.81,0.784503631961259,1000.0
uLens,0.9029345372460497,0.8,0.848356309650053,1000.0
accuracy,0.7918706107682486,0.7918706107682486,0.7918706107682486,0.7918706107682486
macro avg,0.795252649772436,0.7925540862205767,0.7899141423959194,18796.0
weighted avg,0.795259381154148,0.7918706107682486,0.7895446686095392,18796.0
